[
  {
    "id": "6ee6f20c-a02d-4cfe-9cac-c2646dac16e4",
    "data": [
      {
        "text": "could you purchase  a car for me  at gmail id ",
        "userDefined": false
      },
      {
        "text": "shubhammahajan400@gmail.com",
        "meta": "@sys.email",
        "alias": "email",
        "userDefined": true
      }
    ],
    "isTemplate": false,
    "count": 0,
    "lang": "en-in",
    "updated": 0
  },
  {
    "id": "a89ec22d-ffb9-42e8-b0a3-eefad5642f38",
    "data": [
      {
        "text": "I want to buy a new car.",
        "userDefined": false
      }
    ],
    "isTemplate": false,
    "count": 0,
    "lang": "en-in",
    "updated": 0
  },
  {
    "id": "21f723af-66cd-4b6b-8d3c-21bb6c118e76",
    "data": [
      {
        "text": "Please buy a car for me.",
        "userDefined": false
      }
    ],
    "isTemplate": false,
    "count": 0,
    "lang": "en-in",
    "updated": 0
  }
]