[
  {
    "id": "d4b91a6c-3c2c-460d-9fab-3fd008d5eb23",
    "data": [
      {
        "text": "Can you deliver this pizza ",
        "userDefined": false
      },
      {
        "text": "here",
        "meta": "@sys.address",
        "alias": "address",
        "userDefined": true
      },
      {
        "text": " on this ",
        "userDefined": false
      },
      {
        "text": "moment",
        "meta": "@sys.date-time",
        "alias": "date-time",
        "userDefined": true
      },
      {
        "text": ".",
        "userDefined": false
      }
    ],
    "isTemplate": false,
    "count": 0,
    "lang": "en",
    "updated": 0
  },
  {
    "id": "1d88c7e4-424c-479b-bf96-f1c5f903eb8c",
    "data": [
      {
        "text": "can you ",
        "userDefined": false
      },
      {
        "text": "categorize",
        "meta": "@category",
        "alias": "category",
        "userDefined": true
      },
      {
        "text": " a pizza for me.",
        "userDefined": false
      }
    ],
    "isTemplate": false,
    "count": 0,
    "lang": "en",
    "updated": 0
  },
  {
    "id": "187139d9-1867-4cdd-a9f8-fb55470a5312",
    "data": [
      {
        "text": "Can, you order a small ",
        "userDefined": false
      },
      {
        "text": "size",
        "meta": "@size",
        "alias": "size",
        "userDefined": true
      },
      {
        "text": " pizza,please",
        "userDefined": false
      }
    ],
    "isTemplate": false,
    "count": 0,
    "lang": "en",
    "updated": 0
  },
  {
    "id": "2e019ca8-0ff9-46b8-9d13-ff65b8aea9a6",
    "data": [
      {
        "text": "please placed my order of pizza at my mobile number ",
        "userDefined": false
      },
      {
        "text": "9669999880",
        "meta": "@sys.phone-number",
        "alias": "phone-number",
        "userDefined": true
      }
    ],
    "isTemplate": false,
    "count": 0,
    "lang": "en",
    "updated": 0
  },
  {
    "id": "43395b52-b48e-4bc6-961f-e28b62e63c66",
    "data": [
      {
        "text": "hey,listen give me a pizza at my mail id ",
        "userDefined": false
      },
      {
        "text": "mhajan.shubh@gmail.com",
        "meta": "@sys.email",
        "alias": "email",
        "userDefined": true
      }
    ],
    "isTemplate": false,
    "count": 0,
    "lang": "en",
    "updated": 0
  },
  {
    "id": "bbceb45d-7a22-4a3a-beb9-01cfb90ef96e",
    "data": [
      {
        "text": "Please order me a pizza.",
        "userDefined": false
      }
    ],
    "isTemplate": false,
    "count": 0,
    "lang": "en",
    "updated": 0
  }
]